k,totss,tot_withinss,betweenss,iter
1,1364,1364.0000000000002,-2.2737367544323206e-13,1
2,1364,564.053529457468,799.946470542532,1
3,1364,378.28316795213885,985.7168320478611,2
4,1364,301.21572700109,1062.78427299891,2
5,1364,231.9172106714504,1132.0827893285496,3
6,1364,266.5436112295385,1097.4563887704614,5
7,1364,258.40249213620694,1105.597507863793,4
8,1364,180.06505268054067,1183.9349473194593,3
9,1364,169.9343742530306,1194.0656257469693,3
10,1364,153.26162227458082,1210.7383777254192,4
