k,totss,tot_withinss,betweenss,iter
1,219386617.9494152,219386617.9494153,-8.940696716308594e-8,1
2,219386617.9494152,58696921.898072444,160689696.05134276,1
3,219386617.9494152,29652295.49313035,189734322.45628485,2
4,219386617.9494152,16477802.65732398,202908815.29209122,2
5,219386617.9494152,10962775.774270762,208423842.17514443,2
6,219386617.9494152,8501818.986279607,210884798.9631356,2
7,219386617.9494152,7275482.6303804,212111135.3190348,3
8,219386617.9494152,4838513.305581826,214548104.64383337,2
9,219386617.9494152,4190923.7045446346,215195694.24487057,3
