k,totss,tot_withinss,betweenss,iter
1,1364,1364.0000000000002,-2.2737367544323206e-13,1
2,1364,564.053529457468,799.946470542532,1
3,1364,378.28316795213885,985.7168320478611,3
4,1364,310.67920421213444,1053.3207957878656,3
5,1364,231.9172106714504,1132.0827893285496,2
6,1364,203.72171562349575,1160.2782843765042,4
7,1364,209.5828231946314,1154.4171768053686,3
8,1364,181.74426813664004,1182.2557318633599,4
9,1364,166.04747021947134,1197.9525297805287,3
